{
    "mean_accuracy": 0.9400000000000001,
    "std_accuracy": 0.006324555320336741,
    "mean_f1": 0.9403652847744313,
    "mean_precision": 0.9357588252603619,
    "mean_recall": 0.9453333333333334,
    "best_accuracy": 0.95,
    "fold_accuracies": [
        0.9333333333333333,
        0.95,
        0.94,
        0.9433333333333334,
        0.9333333333333333
    ],
    "fold_f1_scores": [
        0.9337748344370861,
        0.9494949494949495,
        0.9395973154362416,
        0.9438943894389439,
        0.935064935064935
    ],
    "fold_precisions": [
        0.9276315789473685,
        0.9591836734693877,
        0.9459459459459459,
        0.934640522875817,
        0.9113924050632911
    ],
    "fold_recalls": [
        0.94,
        0.94,
        0.9333333333333333,
        0.9533333333333334,
        0.96
    ],
    "quantum_backend": "ibm_torino",
    "quantum_circuits_executed": 100,
    "quantum_enabled": true,
    "total_time_seconds": 102.17000675201416,
    "classification_report": {
        "COVID-19": {
            "precision": 0.944743935309973,
            "recall": 0.9346666666666666,
            "f1-score": 0.9396782841823056,
            "support": 750.0
        },
        "Pneumonia": {
            "precision": 0.9353562005277045,
            "recall": 0.9453333333333334,
            "f1-score": 0.9403183023872679,
            "support": 750.0
        },
        "accuracy": 0.94,
        "macro avg": {
            "precision": 0.9400500679188388,
            "recall": 0.94,
            "f1-score": 0.9399982932847868,
            "support": 1500.0
        },
        "weighted avg": {
            "precision": 0.9400500679188387,
            "recall": 0.94,
            "f1-score": 0.9399982932847867,
            "support": 1500.0
        }
    }
}